DTMNFR;ORGAO;TIPO;SIGLA;SIMBOLO;NOME_LISTA;NUM_ORDEM;NOME_CANDIDATO;PARTIDO_PROPONENTE;INDEPENDENTE
1503000000;CM;2;PAN;;PESSOAS – ANIMAIS – NATUREZA;1;João Luís Serrenho Frazão Couvaneiro;PAN;N
1503000000;CM;2;PAN;;PESSOAS – ANIMAIS – NATUREZA;2;Débora Figueiredo Carvalho Rodrigues;PAN;N
1503000000;CM;2;PAN;;PESSOAS – ANIMAIS – NATUREZA;3;Ivo Filipe Esteves de Almeida;PAN;N
1503000000;CM;2;PAN;;PESSOAS – ANIMAIS – NATUREZA;4;José Joaquim Machado Courinha Leitão;PAN;N
1503000000;CM;2;PAN;;PESSOAS – ANIMAIS – NATUREZA;5;Ana Paula Alves da Silva;PAN;N
1503000000;CM;2;PAN;;PESSOAS – ANIMAIS – NATUREZA;6;Sérgio Cantante Faria de Bastos;PAN;N
1503000000;CM;2;PAN;;PESSOAS – ANIMAIS – NATUREZA;7;Henrique Alexandre Margarido de Almeida;PAN;N
1503000000;CM;2;PAN;;PESSOAS – ANIMAIS – NATUREZA;8;Maria Tomaz Queluz Fernandes Palma;PAN;N
1503000000;CM;2;PAN;;PESSOAS – ANIMAIS – NATUREZA;9;João Pedro Eixa dos Santos;PAN;N
1503000000;CM;2;PAN;;PESSOAS – ANIMAIS – NATUREZA;10;Marta Ferreira Cortez dos Santos;PAN;N
1503000000;CM;2;PAN;;PESSOAS – ANIMAIS – NATUREZA;11;Filipe Martins Vaz;PAN;N
1503000000;CM;2;PAN;;PESSOAS – ANIMAIS – NATUREZA;12;Vítor Manuel dos Santos Castanheira;PAN;N
1503000000;CM;2;PAN;;PESSOAS – ANIMAIS – NATUREZA;13;Rosa Maria Varela Ferreira Mendes;PAN;N
1503000000;CM;2;PAN;;PESSOAS – ANIMAIS – NATUREZA;14;José Antonio Lino Craveiro;PAN;N
1503000000;CM;2;PAN;;PESSOAS – ANIMAIS – NATUREZA;15;Pedro Miguel Dias Rodrigues Pereira;PAN;N
1503000000;CM;2;PAN;;PESSOAS – ANIMAIS – NATUREZA;16;Olga Natália Maria Mariano;PAN;N
1503000000;CM;2;PAN;;PESSOAS – ANIMAIS – NATUREZA;17;António Ferrão da Costa;PAN;N
1503000000;CM;2;PAN;;PESSOAS – ANIMAIS – NATUREZA;18;José Maria Marques da Costa Cortez;PAN;N
1503000000;CM;2;PAN;;PESSOAS – ANIMAIS – NATUREZA;19;Maria João Louro Belchior Rita;PAN;N
1503000000;CM;2;PAN;;PESSOAS – ANIMAIS – NATUREZA;20;Luísa Maria Freire Galvão;PAN;N
1503000000;CM;2;PAN;;PESSOAS – ANIMAIS – NATUREZA;21;António José Brigas Alves;PAN;N
1503000000;CM;2;PAN;;PESSOAS – ANIMAIS – NATUREZA;22;Maria José Bruno Esteves;PAN;N
1503000000;CM;2;PAN;;PESSOAS – ANIMAIS – NATUREZA;23;Ana Isabel Palhais de Melo Cardoso Póvoa Figueiredo;PAN;N
1503000000;CM;2;PAN;;PESSOAS – ANIMAIS – NATUREZA;24;Rogério Celestino Gomes Gonçalves;PAN;N
1503000000;CM;2;PAN;;PESSOAS – ANIMAIS – NATUREZA;25;Sónia Maria Pereira Farinha;PAN;N
1503000000;CM;2;PAN;;PESSOAS – ANIMAIS – NATUREZA;26;Rúben José Almeida Martins Raposo;PAN;N
1503000000;CM;2;PAN;;PESSOAS – ANIMAIS – NATUREZA;27;Ana Catarina Braz Tavares;PAN;N
1503000000;CM;2;PAN;;PESSOAS – ANIMAIS – NATUREZA;28;Manuel Pereira Fernandes;PAN;N
1503000000;CM;2;PAN;;PESSOAS – ANIMAIS – NATUREZA;29;Mariama Embaló;PAN;N
1503000000;CM;2;PAN;;PESSOAS – ANIMAIS – NATUREZA;30;Jaime João dos Santos Rocha;PAN;N
1503000000;CM;2;PAN;;PESSOAS – ANIMAIS – NATUREZA;31;Maria Conceição Alves Freitas;PAN;N
1503000000;CM;2;PAN;;PESSOAS – ANIMAIS – NATUREZA;32;Vitória de Los Angeles Reyes Cortes Ferreira;PAN;N
1503000000;CM;2;PAN;;PESSOAS – ANIMAIS – NATUREZA;33;Carlos Manuel de Carvalho Gonçalves;PAN;N
1503000000;CM;3;PAN;;PESSOAS – ANIMAIS – NATUREZA;1;Joana Correia Rosinha Sério;PAN;N
1503000000;CM;3;PAN;;PESSOAS – ANIMAIS – NATUREZA;2;Feliciano José do Livramento dos Reis;PAN;N
1503000000;CM;3;PAN;;PESSOAS – ANIMAIS – NATUREZA;3;António José Lopes Ferreira;PAN;N
1503000000;CM;3;PAN;;PESSOAS – ANIMAIS – NATUREZA;4;Cláudia Isabel Fernandes Ferraz Patrício;PAN;N
1503000000;CM;3;PAN;;PESSOAS – ANIMAIS – NATUREZA;5;José Paulo Nobre Saramago;PAN;N
1503000000;CM;3;PAN;;PESSOAS – ANIMAIS – NATUREZA;6;Maria Teresa Cerqueira Rocha Pereira;PAN;N
1503000000;CM;3;PAN;;PESSOAS – ANIMAIS – NATUREZA;7;Rui Manuel Pestana Borges;PAN;N
1503000000;CM;3;PAN;;PESSOAS – ANIMAIS – NATUREZA;8;Joana Nunes Chaves;PAN;N
1503000000;CM;3;PAN;;PESSOAS – ANIMAIS – NATUREZA;9;António Manuel Correia Valente;PAN;N
1503000000;CM;3;PAN;;PESSOAS – ANIMAIS – NATUREZA;10;Marta Andreia Santos Gouveia;PAN;N
1503000000;CM;3;PAN;;PESSOAS – ANIMAIS – NATUREZA;11;Manuel Esteves dos Santos Peixoto;PAN;N
1503000000;CM;3;PAN;;PESSOAS – ANIMAIS – NATUREZA;12;Rita Santos Fernandes;PAN;N
1503000000;CM;3;PAN;;PESSOAS – ANIMAIS – NATUREZA;13;José António Abala-Matos Búzio;PAN;N
1503000000;CM;3;PAN;;PESSOAS – ANIMAIS – NATUREZA;14;Rita Sofia de Sousa Portugal;PAN;N
1503000000;CM;3;PAN;;PESSOAS – ANIMAIS – NATUREZA;15;João Pedro Dias Nunes;PAN;N
1503000000;CM;3;PAN;;PESSOAS – ANIMAIS – NATUREZA;16;Cátia Lourenço Cameira;PAN;N
1503000000;CM;3;PAN;;PESSOAS – ANIMAIS – NATUREZA;17;José João Caleiro Plácido;PAN;N
1503000000;CM;3;PAN;;PESSOAS – ANIMAIS – NATUREZA;18;Carolina Isabel Gomes Veiga;PAN;N
1503000000;CM;3;PAN;;PESSOAS – ANIMAIS – NATUREZA;19;Luis Manuel Vieira Garcia;PAN;N
1503000000;CM;3;PAN;;PESSOAS – ANIMAIS – NATUREZA;20;Maria Manuela Amado Simões;PAN;N
1503000000;CM;3;PAN;;PESSOAS – ANIMAIS – NATUREZA;21;Rúben Filipe Santos Peres;PAN;N
1503000000;CM;3;PAN;;PESSOAS – ANIMAIS – NATUREZA;22;Pedro Nuno Freire Gaspar;PAN;N
1503000000;CM;3;PAN;;PESSOAS – ANIMAIS – NATUREZA;23;Maria Da Saudade Dias Da Silva;PAN;N
1503000000;CM;3;PAN;;PESSOAS – ANIMAIS – NATUREZA;24;Guilherme Machado da Rosa Perdigão Luz;PAN;N
1503000000;CM;3;PAN;;PESSOAS – ANIMAIS – NATUREZA;25;Ricardo Daniel Rodrigues da Silva;PAN;N
1503000000;CM;3;PAN;;PESSOAS – ANIMAIS – NATUREZA;26;Maria Emília Mamede Grazina Samora;PAN;N
1503000000;CM;3;PAN;;PESSOAS – ANIMAIS – NATUREZA;27;José Manuel da Silva;PAN;N
1503000000;CM;3;PAN;;PESSOAS – ANIMAIS – NATUREZA;28;Arminda Purificação Carvalho Mourão da Silva Vieira;PAN;N
1503000000;CM;3;PAN;;PESSOAS – ANIMAIS – NATUREZA;29;João Frederico da Silva Lopes de Frias Branco;PAN;N
1503000000;CM;3;PAN;;PESSOAS – ANIMAIS – NATUREZA;30;Beatriz Alexandra de Carvalho e Melo Franco;PAN;N
1503000000;CM;3;PAN;;PESSOAS – ANIMAIS – NATUREZA;31;Henrique Galelo Palhotas;PAN;N
1503000000;CM;3;PAN;;PESSOAS – ANIMAIS – NATUREZA;32;Maria Suzete do Carmo Lourenço Rapaz;PAN;N
1503000000;CM;3;PAN;;PESSOAS – ANIMAIS – NATUREZA;33;Alberto Marques Antunes;PAN;N
1503000000;CM;3;PAN;;PESSOAS – ANIMAIS – NATUREZA;34;Patricia Alexandra Martins Carvalho;PAN;N
1503000000;CM;3;PAN;;PESSOAS – ANIMAIS – NATUREZA;35;Mário Daniel Da Silva Tavares Paracana;PAN;N
1503000000;CM;3;PAN;;PESSOAS – ANIMAIS – NATUREZA;36;Inês Maurile De Oliveira Silva;PAN;N
1503000000;CM;3;PAN;;PESSOAS – ANIMAIS – NATUREZA;37;Isabella Sales Baltazar;PAN;N
1503000000;CM;3;PAN;;PESSOAS – ANIMAIS – NATUREZA;38;Luis Manuel Jales Cordeiro;PAN;N
1503000000;CM;3;PAN;;PESSOAS – ANIMAIS – NATUREZA;39;Maria Teresa dos Santos Amarante de Almeida;PAN;N
1503000000;CM;3;PAN;;PESSOAS – ANIMAIS – NATUREZA;40;Bruno Miguel Neves de Brito;PAN;N
1503000000;CM;3;PAN;;PESSOAS – ANIMAIS – NATUREZA;41;João Pedro Guterres Peixoto Costa Pereira;PAN;N
1503000000;CM;3;PAN;;PESSOAS – ANIMAIS – NATUREZA;42;Andreia Alexandra Flores de Miranda;PAN;N
1503000000;CM;3;PAN;;PESSOAS – ANIMAIS – NATUREZA;43;José Carlos Marques Nunes;PAN;N
1503000000;CM;3;PAN;;PESSOAS – ANIMAIS – NATUREZA;44;Rui Fernando Garcia Marques;PAN;N
1503000000;CM;3;PAN;;PESSOAS – ANIMAIS – NATUREZA;45;Cátia Alexandra Gonçalves Silva;PAN;N
1503000000;CM;3;PAN;;PESSOAS – ANIMAIS – NATUREZA;46;António Manuel dos Santos Marques Ferrugem;PAN;N
1503000000;CM;3;PAN;;PESSOAS – ANIMAIS – NATUREZA;47;Bruno Miguel Ventura Janeiro;PAN;N
1503000000;CM;3;PAN;;PESSOAS – ANIMAIS – NATUREZA;48;Lucília Maria dos Santos;PAN;N
1503000000;CM;3;PAN;;PESSOAS – ANIMAIS – NATUREZA;49;Rui Paulo Azevedo dos Santos;PAN;N
1503000000;CM;3;PAN;;PESSOAS – ANIMAIS – NATUREZA;50;Alfredo José Faria Lopes;PAN;N
1503000000;CM;3;PAN;;PESSOAS – ANIMAIS – NATUREZA;51;Cláudia Susana da Costa Ferreira;PAN;N
1503000000;CM;3;PAN;;PESSOAS – ANIMAIS – NATUREZA;52;Nuno Alexandre Oliveira Mendes;PAN;N
1503000000;CM;3;PAN;;PESSOAS – ANIMAIS – NATUREZA;53;Sara Sofia Martins Pinheiro;PAN;N
1503000000;CM;3;PAN;;PESSOAS – ANIMAIS – NATUREZA;54;Ana Sofia Carvalheira Mendes;PAN;N
1503000000;CM;3;PAN;;PESSOAS – ANIMAIS – NATUREZA;55;Hugo Miguel Nunes Monteiro;PAN;N
1503000000;CM;3;PAN;;PESSOAS – ANIMAIS – NATUREZA;56;Armando José da Silva Rocha;PAN;N
1503000000;CM;3;PAN;;PESSOAS – ANIMAIS – NATUREZA;57;Cláudia Sofia Barreto Gonçalves;PAN;N
1503000000;CM;3;PAN;;PESSOAS – ANIMAIS – NATUREZA;58;João Daniel Ribeiro Canelas;PAN;N
1503000000;CM;3;PAN;;PESSOAS – ANIMAIS – NATUREZA;59;Mauro Neves Guerra Henriques Carvalho;PAN;N
1503000000;CM;3;PAN;;PESSOAS – ANIMAIS – NATUREZA;60;Cláudia Patrícia Braz Quinta Gomes;PAN;N
1503000000;CM;3;PAN;;PESSOAS – ANIMAIS – NATUREZA;61;António da Costa Trepado;PAN;N
1503000000;CM;3;PAN;;PESSOAS – ANIMAIS – NATUREZA;62;Andreia Sofia Rodrigues Isidoro;PAN;N
1503000000;CM;3;PAN;;PESSOAS – ANIMAIS – NATUREZA;63;Helena Maria Rocha Almeida;PAN;N
1503000000;CM;3;PAN;;PESSOAS – ANIMAIS – NATUREZA;64;Daniel Nunes Fernandes;PAN;N
1503000000;CM;3;PAN;;PESSOAS – ANIMAIS – NATUREZA;65;Vera Solange da Silva Lagos;PAN;N
1503000000;CM;3;PAN;;PESSOAS – ANIMAIS – NATUREZA;66;Ana Filipa da Costa Ferreira da Guia;PAN;N
1503000000;CM;3;PAN;;PESSOAS – ANIMAIS – NATUREZA;67;José Bartolomeu Ricardo;PAN;N
1503000000;CM;3;PAN;;PESSOAS – ANIMAIS – NATUREZA;68;Neide Filipa Marinho Passarinho;PAN;N
1503000000;CM;3;PAN;;PESSOAS – ANIMAIS – NATUREZA;69;Arlinda Maria Pereira Conceição;PAN;N
1503000000;CM;3;PAN;;PESSOAS – ANIMAIS – NATUREZA;70;Alexandre Jorge Mendes Ferreira;PAN;N
1503000000;CM;3;PAN;;PESSOAS – ANIMAIS – NATUREZA;71;Maria Ana Quintela Gaivão Andrade Praça Louro Cordoeiro;PAN;N
1503000000;CM;3;PAN;;PESSOAS – ANIMAIS – NATUREZA;72;Nádia Filipa Gomes Lagos;PAN;N
1503000000;CM;3;PAN;;PESSOAS – ANIMAIS – NATUREZA;73;Alexandre Diogo Silva Aires;PAN;N
1503000000;CM;3;PAN;;PESSOAS – ANIMAIS – NATUREZA;74;Orquídea Maria Branco Valério;PAN;N
1503000000;CM;3;PAN;;PESSOAS – ANIMAIS – NATUREZA;75;Mário Maria Branco Lopes de Matos;PAN;N
1503000000;CM;3;PAN;;PESSOAS – ANIMAIS – NATUREZA;76;Cátia Andreia Soares Pereira Amante;PAN;N
1503000000;CM;3;PAN;;PESSOAS – ANIMAIS – NATUREZA;77;Catarina da Costa Carvalho Rita Gomes;PAN;N
1503000000;CM;3;PAN;;PESSOAS – ANIMAIS – NATUREZA;78;Ana Catarina Ribas Lopes;PAN;N
1503000000;CM;3;PAN;;PESSOAS – ANIMAIS – NATUREZA;79;Luís Pedro Amado Pinto Durão;PAN;N
1503000000;CM;3;PAN;;PESSOAS – ANIMAIS – NATUREZA;80;Miguel Ângelo Moura Salvado;PAN;N
1503000000;CM;3;PAN;;PESSOAS – ANIMAIS – NATUREZA;81;Lina Cristina de Matos Gonzalez;PAN;N
1503000000;CM;3;PAN;;PESSOAS – ANIMAIS – NATUREZA;82;Miguel Maria Grossinho Caldeira Pais;PAN;N
1503000000;CM;3;PAN;;PESSOAS – ANIMAIS – NATUREZA;83;Bruno Rafael Esteves Manso Ribeiro;PAN;N
1503000000;CM;3;PAN;;PESSOAS – ANIMAIS – NATUREZA;84;Inês Varela Neves;PAN;N
1503000000;CM;3;PAN;;PESSOAS – ANIMAIS – NATUREZA;85;António Carlos Lourenço Ferreira da Silva;PAN;N
1503000000;CM;3;PAN;;PESSOAS – ANIMAIS – NATUREZA;86;Amaro Alexandre Caeiro Grilo;PAN;N
1503000000;CM;3;PAN;;PESSOAS – ANIMAIS – NATUREZA;87;Jéssica Denise Krause;PAN;N
1503000000;CM;3;PAN;;PESSOAS – ANIMAIS – NATUREZA;88;Nuno de Almeida Ferreira Rita;PAN;N
1503000000;CM;3;PAN;;PESSOAS – ANIMAIS – NATUREZA;89;José Rafael Moita Coelho;PAN;N
1503000000;CM;3;PAN;;PESSOAS – ANIMAIS – NATUREZA;90;Selma Nazaré Vieira Barros;PAN;N
1503000000;CM;3;PAN;;PESSOAS – ANIMAIS – NATUREZA;91;Bruno Miguel Abrantes Queimado Rosa;PAN;N
1503000000;CM;3;PAN;;PESSOAS – ANIMAIS – NATUREZA;92;Luis Filipe Camoêsas dos Anjos;PAN;N
1503000000;CM;3;PAN;;PESSOAS – ANIMAIS – NATUREZA;93;Maria Mafalda de Faria e Melo Forjó;PAN;N
1503000000;CM;3;PAN;;PESSOAS – ANIMAIS – NATUREZA;94;Simão Botelho Batista;PAN;N
1503000000;CM;3;PAN;;PESSOAS – ANIMAIS – NATUREZA;95;Nuno Miguel Salgueiro Ferreira Silvestre;PAN;N
1503000000;CM;3;PAN;;PESSOAS – ANIMAIS – NATUREZA;96;Maria de Lurdes Marques Silva;PAN;N
1503000000;CM;3;PAN;;PESSOAS – ANIMAIS – NATUREZA;97;Pedro Miguel Folião Nunes;PAN;N
1503000000;CM;3;PAN;;PESSOAS – ANIMAIS – NATUREZA;98;Fausto de Oliveira Cruz;PAN;N
1503000000;CM;3;PAN;;PESSOAS – ANIMAIS – NATUREZA;99;Dina Maria Frangalho Ventura dos Santos Mora;PAN;N
1503000000;CM;3;PAN;;PESSOAS – ANIMAIS – NATUREZA;100;Francisco Miguel Pereira Cardina;PAN;N
1503000000;CM;3;PAN;;PESSOAS – ANIMAIS – NATUREZA;101;António Manuel de Oliveira Brito;PAN;N
1503000000;CM;3;PAN;;PESSOAS – ANIMAIS – NATUREZA;102;Helena Maria Quintela e Costa;PAN;N
1503000000;CM;3;PAN;;PESSOAS – ANIMAIS – NATUREZA;103;Hugo Miguel Barreto Gonçalves;PAN;N
1503000000;CM;3;PAN;;PESSOAS – ANIMAIS – NATUREZA;104;David António Rodrigues Pulquério;PAN;N
1503000000;CM;3;PAN;;PESSOAS – ANIMAIS – NATUREZA;105;Célia da Conceição Fragoso Pinheiro;PAN;N
1503000000;CM;3;PAN;;PESSOAS – ANIMAIS – NATUREZA;106;Artur Agostinho Marreiros Graça Fernandes;PAN;N
1503000000;CM;3;PAN;;PESSOAS – ANIMAIS – NATUREZA;107;Duarte Vicente de Sousa;PAN;N
1503000000;CM;3;PAN;;PESSOAS – ANIMAIS – NATUREZA;108;Rosa Maria dos Santos Rolo Martinho;PAN;N
1503000000;CM;3;PAN;;PESSOAS – ANIMAIS – NATUREZA;109;Carlos Manuel Costa Botelho de Moura;PAN;N
1503000000;CM;3;PAN;;PESSOAS – ANIMAIS – NATUREZA;110;Sofia do Carmo Rocha;PAN;N
1503000000;CM;3;PAN;;PESSOAS – ANIMAIS – NATUREZA;111;Sofia Amado Pinto Durão Carvalho;PAN;N
1503000000;CM;3;PAN;;PESSOAS – ANIMAIS – NATUREZA;112;Carlos Manuel Coimbra da Silva;PAN;N
1503000000;CM;3;PAN;;PESSOAS – ANIMAIS – NATUREZA;113;Bernardo Nuno Verdelho Lopes Aires de Campos;PAN;N
1503000000;CM;3;PAN;;PESSOAS – ANIMAIS – NATUREZA;114;Ana Catarina da Fonseca Santos;PAN;N
1503000000;CM;3;PAN;;PESSOAS – ANIMAIS – NATUREZA;115;José Carlos de Araújo Guerreiro Ferreira;PAN;N
1503000000;CM;3;PAN;;PESSOAS – ANIMAIS – NATUREZA;116;Tiago Silva de Oliveira;PAN;N
1503000000;CM;3;PAN;;PESSOAS – ANIMAIS – NATUREZA;117;Cristina Maria Fernandes Vinagre Geraldes;PAN;N
1503000000;CM;3;PAN;;PESSOAS – ANIMAIS – NATUREZA;118;Leonardo Delgado Grilo;PAN;N
1503000000;CM;3;PAN;;PESSOAS – ANIMAIS – NATUREZA;119;Sandra Fortes de Jesus;PAN;N
1503000000;CM;3;PAN;;PESSOAS – ANIMAIS – NATUREZA;120;Paulo César Fernandes Colaço;PAN;N
1503000000;CM;3;PAN;;PESSOAS – ANIMAIS – NATUREZA;121;Hélia Rute Gonçalves Santos;PAN;N
1503000000;CM;3;PAN;;PESSOAS – ANIMAIS – NATUREZA;122;Catarina do Carmo Rocha;PAN;N
1503000000;CM;3;PAN;;PESSOAS – ANIMAIS – NATUREZA;123;José Daniel Pimenta Coutinho;PAN;N
1503000000;CM;3;PAN;;PESSOAS – ANIMAIS – NATUREZA;124;Sílvia Faustina Parreira Lopes;PAN;N
1503000000;CM;3;PAN;;PESSOAS – ANIMAIS – NATUREZA;125;Maria Luis Mendes Alves Pereira de Abreu;PAN;N
1503000000;CM;3;PAN;;PESSOAS – ANIMAIS – NATUREZA;126;Fábio André Lourenço Lopes;PAN;N
1503000000;CM;3;PAN;;PESSOAS – ANIMAIS – NATUREZA;127;Irina Cristiana Ludovico da Costa Tricamegy;PAN;N
1503000000;CM;3;PAN;;PESSOAS – ANIMAIS – NATUREZA;128;Raquel Alexandra Valadares Barrulas;PAN;N
1503000000;CM;3;PAN;;PESSOAS – ANIMAIS – NATUREZA;129;Ricardo Maria Coelho Ribeiro;PAN;N
1503000000;CM;3;PAN;;PESSOAS – ANIMAIS – NATUREZA;130;Maria Ana de Magalhães e Esteves Silva;PAN;N
1503000000;CM;3;PAN;;PESSOAS – ANIMAIS – NATUREZA;131;Henrique Pimenta Coutinho;PAN;N
1503000000;CM;3;PAN;;PESSOAS – ANIMAIS – NATUREZA;132;Mariana da Cruz França;PAN;N
1503000000;CM;3;PAN;;PESSOAS – ANIMAIS – NATUREZA;133;Jorge Manuel Vieira Braga;PAN;N
1503000000;CM;3;PAN;;PESSOAS – ANIMAIS – NATUREZA;134;Paula Alexandra Monteiro dos Santos Pires;PAN;N
1503000000;CM;3;PAN;;PESSOAS – ANIMAIS – NATUREZA;135;Gustavo Manuel Marques Pinto;PAN;N
1503000000;CM;3;PAN;;PESSOAS – ANIMAIS – NATUREZA;136;João Maria Castro de Oliveira Rocha Pinto;PAN;N
1503000000;CM;3;PAN;;PESSOAS – ANIMAIS – NATUREZA;137;Ângela Maria Paradela Gonçalves Lopes Seguin;PAN;N
1503000000;CM;3;PAN;;PESSOAS – ANIMAIS – NATUREZA;138;Manuel Castro de Oliveira Rocha Pinto;PAN;N
1503000000;CM;3;PAN;;PESSOAS – ANIMAIS – NATUREZA;139;Edgar Pires de Matos Morgadinho Faustino;PAN;N
1503000000;CM;3;PAN;;PESSOAS – ANIMAIS – NATUREZA;140;Ana Mafalda Boieiro Marques;PAN;N
1503000000;CM;3;PAN;;PESSOAS – ANIMAIS – NATUREZA;141;Maria Quitéria Chefe Marques;PAN;N
1503000000;CM;3;PAN;;PESSOAS – ANIMAIS – NATUREZA;142;Henrique Marques Elvas Martins;PAN;N
1503000000;CM;3;PAN;;PESSOAS – ANIMAIS – NATUREZA;143;Daniel José Félix da Costa;PAN;N
1503000000;CM;3;PAN;;PESSOAS – ANIMAIS – NATUREZA;144;Daniela de Jesus Pires da Silva;PAN;N
1503000000;CM;3;PAN;;PESSOAS – ANIMAIS – NATUREZA;145;Emanuel Melo de Sousa;PAN;N
1503000000;CM;3;PAN;;PESSOAS – ANIMAIS – NATUREZA;146;Silvestre Tomé Lopes;PAN;N
1503000000;CM;3;PAN;;PESSOAS – ANIMAIS – NATUREZA;147;Ana Paula Barrosa Ludovico Costa;PAN;N
1503000000;CM;3;PAN;;PESSOAS – ANIMAIS – NATUREZA;148;Luzia Maria dos Santos Oliveira;PAN;N
1503000000;CM;3;PAN;;PESSOAS – ANIMAIS – NATUREZA;149;Rui Filipe Soares Waddington Rebelo;PAN;N
1503000000;CM;3;PAN;;PESSOAS – ANIMAIS – NATUREZA;150;Maria Teresa Seixas Dantas;PAN;N
1503000000;CM;3;PAN;;PESSOAS – ANIMAIS – NATUREZA;151;Célia Sofia Goes Custódio Fonseca;PAN;N
1503000000;CM;3;PAN;;PESSOAS – ANIMAIS – NATUREZA;152;José António Borges Telhado;PAN;N
1503000000;CM;3;PAN;;PESSOAS – ANIMAIS – NATUREZA;153;Mariana Rita Potra Colaço;PAN;N
1503000000;CM;3;PAN;;PESSOAS – ANIMAIS – NATUREZA;154;Pedro Manuel Monteiro da Rosa;PAN;N
1503000000;CM;3;PAN;;PESSOAS – ANIMAIS – NATUREZA;155;Tânia Patrícia da Gama Maia;PAN;N
1503000000;CM;3;PAN;;PESSOAS – ANIMAIS – NATUREZA;156;Teresa Maria Ferreira de Almeida Monteiro;PAN;N
1503000000;CM;3;PAN;;PESSOAS – ANIMAIS – NATUREZA;157;Tiago Fernandes de Moura;PAN;N
1503000000;CM;3;PAN;;PESSOAS – ANIMAIS – NATUREZA;158;José Manuel Santos de Moura;PAN;N
1503000000;CM;3;PAN;;PESSOAS – ANIMAIS – NATUREZA;159;Beatriz Rita de Cássia Jorge Borges;PAN;N
1503000000;CM;3;PAN;;PESSOAS – ANIMAIS – NATUREZA;160;José Santos Monteiro de Moura;PAN;N
1503000000;CM;3;PAN;;PESSOAS – ANIMAIS – NATUREZA;161;Isabel Maria de Mata Mouzinho;PAN;N
1503000000;CM;3;PAN;;PESSOAS – ANIMAIS – NATUREZA;162;Paulo Jorge Neto Dias;PAN;N
1503000000;CM;3;PAN;;PESSOAS – ANIMAIS – NATUREZA;163;Ana Francisca Moura Neto Roldão Dias;PAN;N
1503000000;CM;3;PAN;;PESSOAS – ANIMAIS – NATUREZA;164;Ana Paula Roldão Moura Josefa;PAN;N
1503000000;CM;3;PAN;;PESSOAS – ANIMAIS – NATUREZA;165;Ricardo Jorge Borges Mariano de Carvalho;PAN;N
1503000000;CM;3;PAN;;PESSOAS – ANIMAIS – NATUREZA;166;Ana Madalena Moura Neto Dias Roldão;PAN;N
1503000000;CM;3;PAN;;PESSOAS – ANIMAIS – NATUREZA;167;Marta Cristina Belmonte Pereira;PAN;N
1503000000;CM;3;PAN;;PESSOAS – ANIMAIS – NATUREZA;168;Carlos Filipe Pereira Alves;PAN;N
1503000000;CM;3;PAN;;PESSOAS – ANIMAIS – NATUREZA;169;Bruno Filipe Coelho Sanches;PAN;N
1503000000;CM;3;PAN;;PESSOAS – ANIMAIS – NATUREZA;170;Ana Luísa Rodrigues Horta Barnabé;PAN;N
1503000000;CM;3;PAN;;PESSOAS – ANIMAIS – NATUREZA;171;Rodrigo Gonçalves da Silva;PAN;N
1503000000;CM;3;PAN;;PESSOAS – ANIMAIS – NATUREZA;172;Maria de Lurdes Pinto Silva;PAN;N
1503000000;CM;3;PAN;;PESSOAS – ANIMAIS – NATUREZA;173;Priscila Rodrigues Gomes Mendes;PAN;N
1503000000;CM;3;PAN;;PESSOAS – ANIMAIS – NATUREZA;174;Ricardo Jorge Afonso Helena;PAN;N
1503000000;CM;3;PAN;;PESSOAS – ANIMAIS – NATUREZA;175;Graça Alexandra Gonçalves Roque;PAN;N
1503000000;CM;3;PAN;;PESSOAS – ANIMAIS – NATUREZA;176;Hélder Manuel da Encarnação Barbóz;PAN;N
1503000000;CM;3;PAN;;PESSOAS – ANIMAIS – NATUREZA;177;Vítor Machado Rodrigues Manuel;PAN;N
1503000000;CM;3;PAN;;PESSOAS – ANIMAIS – NATUREZA;178;Ana Maria Pinheiro Heitor Almeida Ferreira;PAN;N
1503000000;CM;3;PAN;;PESSOAS – ANIMAIS – NATUREZA;179;Guilherme Filipe Palma Lopes;PAN;N
1503000000;CM;3;PAN;;PESSOAS – ANIMAIS – NATUREZA;180;Pedro Hugo Teixeira Alves Luis Moita Barata;PAN;N
1503000000;CM;3;PAN;;PESSOAS – ANIMAIS – NATUREZA;181;Cátia Alexandra Freitas da Costa;PAN;N
1503000000;CM;3;PAN;;PESSOAS – ANIMAIS – NATUREZA;182;Maria Carlota Ferreira Barbóz;PAN;N
1503000000;CM;3;PAN;;PESSOAS – ANIMAIS – NATUREZA;183;Jorge André Nunes Dourado Dos Santos;PAN;N
1503000000;CM;3;PAN;;PESSOAS – ANIMAIS – NATUREZA;184;Vânia Carina Carrusca Guerreiro do Nascimento Ferreira;PAN;N
1503000000;CM;3;PAN;;PESSOAS – ANIMAIS – NATUREZA;185;Paulo Alexandre Baptista Manuel;PAN;N
1503000000;CM;3;PAN;;PESSOAS – ANIMAIS – NATUREZA;186;Sérgio Bruno Gonçalves da Silva Pereira;PAN;N
1503000000;CM;3;PAN;;PESSOAS – ANIMAIS – NATUREZA;187;Liliana Sofia Filipe dos Santos Van Der Elst;PAN;N
1503000000;CM;3;PAN;;PESSOAS – ANIMAIS – NATUREZA;188;João Alexandre Henriques Dias;PAN;N
1503000000;CM;3;PAN;;PESSOAS – ANIMAIS – NATUREZA;189;Beatriz Belmonte Pereira Mouronho;PAN;N
1503000000;CM;3;PAN;;PESSOAS – ANIMAIS – NATUREZA;190;Matilde Pereira Carrão;PAN;N
1503000000;CM;3;PAN;;PESSOAS – ANIMAIS – NATUREZA;191;Pedro Jorge Matos Pimenta;PAN;N
1503000000;CM;3;PAN;;PESSOAS – ANIMAIS – NATUREZA;192;João Pedro Cardoso Alves Pinto;PAN;N
1503000000;CM;3;PAN;;PESSOAS – ANIMAIS – NATUREZA;193;Ana Carina de Jesus Pereira Marques Martins;PAN;N
1503000000;CM;3;PAN;;PESSOAS – ANIMAIS – NATUREZA;194;Nuno Miguel da Silva Nóbrega Batista;PAN;N
1503000000;CM;3;PAN;;PESSOAS – ANIMAIS – NATUREZA;195;Orlando Jorge Alves Henrique Cerejeira;PAN;N
1503000000;CM;3;PAN;;PESSOAS – ANIMAIS – NATUREZA;196;Marta Sofia Silveira de Araújo;PAN;N
1503000000;CM;3;PAN;;PESSOAS – ANIMAIS – NATUREZA;197;Luis Filipe do Carmo Arcângelo;PAN;N
1503000000;CM;3;PAN;;PESSOAS – ANIMAIS – NATUREZA;198;João Carlos Guimarães Barbosa;PAN;N
1503000000;CM;3;PAN;;PESSOAS – ANIMAIS – NATUREZA;199;Maria Inês Simões Sanches;PAN;N
1503000000;CM;3;PAN;;PESSOAS – ANIMAIS – NATUREZA;200;Maria Ivone Moreira Madaleno Cordeiro;PAN;N
1503000000;CM;3;PAN;;PESSOAS – ANIMAIS – NATUREZA;201;Gonçalo Filipe Lima e Castro;PAN;N
1503000000;CM;3;PAN;;PESSOAS – ANIMAIS – NATUREZA;202;Maria Fátima Lopes Rodrigues Mendes;PAN;N
1503000000;CM;3;PAN;;PESSOAS – ANIMAIS – NATUREZA;203;Ana Patrícia Antunes Fernandes Cordeiro;PAN;N
1503000000;CM;3;PAN;;PESSOAS – ANIMAIS – NATUREZA;204;João Daniel Marques Pereira da Conceição Correia;PAN;N
1503000000;CM;3;PAN;;PESSOAS – ANIMAIS – NATUREZA;205;Vânia Sofia Pereira Simões;PAN;N
1503000000;CM;3;PAN;;PESSOAS – ANIMAIS – NATUREZA;206;Luci Marina Pereira Simões Sanches;PAN;N
1503000000;CM;3;PAN;;PESSOAS – ANIMAIS – NATUREZA;207;Dinis Manuel Caixeirinho Tomé;PAN;N
1503000000;CM;3;PAN;;PESSOAS – ANIMAIS – NATUREZA;208;Paula Cristina de Oliveira Martins Pilau;PAN;N
1503000000;CM;3;PAN;;PESSOAS – ANIMAIS – NATUREZA;209;Domingos Emanuel Marques Azevedo;PAN;N
1503000000;CM;3;PAN;;PESSOAS – ANIMAIS – NATUREZA;210;Francisco José Luís Simões;PAN;N
1503000000;CM;3;PAN;;PESSOAS – ANIMAIS – NATUREZA;211;Jefferson Eduardo De Oliveira;PAN;N
1503000000;CM;3;PAN;;PESSOAS – ANIMAIS – NATUREZA;212;Geiziely Glicia Fernandes;PAN;N
1503000000;CM;3;PAN;;PESSOAS – ANIMAIS – NATUREZA;213;Joana Sales de Campos Vieira;PAN;N
1503000000;CM;3;PAN;;PESSOAS – ANIMAIS – NATUREZA;214;Martim de Freitas Gordinho;PAN;N
1503000000;CM;3;PAN;;PESSOAS – ANIMAIS – NATUREZA;215;Pedro Miguel Celestino Pereira;PAN;N
1503000000;CM;3;PAN;;PESSOAS – ANIMAIS – NATUREZA;216;Sílvia Cristina dos Santos Pais;PAN;N
1503000000;CM;3;PAN;;PESSOAS – ANIMAIS – NATUREZA;217;Diogo Miguel da Silva Mira;PAN;N
1503000000;CM;3;PAN;;PESSOAS – ANIMAIS – NATUREZA;218;Sérgio Rúben Lourosa Alves;PAN;N
1503000000;CM;3;PAN;;PESSOAS – ANIMAIS – NATUREZA;219;Inês Duarte Aleixo Lourenço de Oliveira Gomes;PAN;N
1503000000;CM;3;PAN;;PESSOAS – ANIMAIS – NATUREZA;220;Tânia Alexandra Martins Liberato;PAN;N
1503000000;CM;3;PAN;;PESSOAS – ANIMAIS – NATUREZA;221;João Ricardo de Paiva Teixeira;PAN;N
1503000000;CM;3;PAN;;PESSOAS – ANIMAIS – NATUREZA;222;Luís António Pinto Silva;PAN;N
1503000000;CM;3;PAN;;PESSOAS – ANIMAIS – NATUREZA;223;Filipa Lourenço Cruz;PAN;N
1503000000;CM;3;PAN;;PESSOAS – ANIMAIS – NATUREZA;224;Lúcia Maria Pires Correia;PAN;N
1503000000;CM;3;PAN;;PESSOAS – ANIMAIS – NATUREZA;225;João Pedro Barbosa de Carvalho;PAN;N
1503000000;CM;3;PAN;;PESSOAS – ANIMAIS – NATUREZA;226;Matias Aleixo Tomé dos Santos Feijoo;PAN;N
1503000000;CM;3;PAN;;PESSOAS – ANIMAIS – NATUREZA;227;Ana Furtado Rodrigues Nunes de Oliveira;PAN;N
1503000000;CM;3;PAN;;PESSOAS – ANIMAIS – NATUREZA;228;Maria Cristina Gonçalves Antunes;PAN;N
1503000000;CM;3;PAN;;PESSOAS – ANIMAIS – NATUREZA;229;Carlos Manuel Jesus Filipe;PAN;N
1503000000;CM;3;PAN;;PESSOAS – ANIMAIS – NATUREZA;230;Tiago Henrique Carvalho Simões;PAN;N
1503000000;CM;3;PAN;;PESSOAS – ANIMAIS – NATUREZA;231;Matilde Lameira Porto;PAN;N
1503000000;CM;3;PAN;;PESSOAS – ANIMAIS – NATUREZA;232;Marisa Alexandra Serrano Santos Rosa;PAN;N
1503000000;CM;3;PAN;;PESSOAS – ANIMAIS – NATUREZA;233;Vasco Manuel Bilreiro Pereira;PAN;N
1503000000;CM;3;PAN;;PESSOAS – ANIMAIS – NATUREZA;234;Sonia Patrícia Jacinto Martins;PAN;N
1503000000;CM;3;PAN;;PESSOAS – ANIMAIS – NATUREZA;235;Tiago Pires Correia;PAN;N
1503000000;CM;3;PAN;;PESSOAS – ANIMAIS – NATUREZA;236;Paulo Renato Costa Figueiredo;PAN;N
1503000000;CM;3;PAN;;PESSOAS – ANIMAIS – NATUREZA;237;Ana Sofia Silva Rocha Marques;PAN;N
1503000000;CM;3;PAN;;PESSOAS – ANIMAIS – NATUREZA;238;Guilherme Pires Correia;PAN;N
1503000000;CM;3;PAN;;PESSOAS – ANIMAIS – NATUREZA;239;António Cláudio da Silva Cardoso;PAN;N
1503000000;CM;3;PAN;;PESSOAS – ANIMAIS – NATUREZA;240;Ana Nicole Spínola Soares;PAN;N
1503000000;CM;3;PAN;;PESSOAS – ANIMAIS – NATUREZA;241;José António Espírito Santo Rocha;PAN;N
1503000000;CM;3;PAN;;PESSOAS – ANIMAIS – NATUREZA;242;Paulo Jorge Augusto Rodrigues;PAN;N
1503000000;CM;3;PAN;;PESSOAS – ANIMAIS – NATUREZA;243;Joana Rodrigues Mortágua;PAN;N
1503000000;CM;3;PAN;;PESSOAS – ANIMAIS – NATUREZA;244;Rafael de Freitas Gordinho;PAN;N
1503000000;CM;3;PAN;;PESSOAS – ANIMAIS – NATUREZA;245;Sandra Mestre da Cunha;PAN;N
1503000000;CM;3;PAN;;PESSOAS – ANIMAIS – NATUREZA;246;Clara Martinho Rodrigues;PAN;N
1503000000;CM;3;PAN;;PESSOAS – ANIMAIS – NATUREZA;247;Manuel José Dias Pereira;PAN;N
1503000000;CM;3;PAN;;PESSOAS – ANIMAIS – NATUREZA;248;Inês Margarida do Valle Araújo Saraiva Wemans;PAN;N
1503000000;CM;3;PAN;;PESSOAS – ANIMAIS – NATUREZA;249;Anabela Augusta Dias de Almeida Mangas;PAN;N
1503000000;CM;3;PAN;;PESSOAS – ANIMAIS – NATUREZA;250;Henrique Braz Falcão Ferreira;PAN;N
1503000000;CM;3;PAN;;PESSOAS – ANIMAIS – NATUREZA;251;José Luís Damas de Carvalho;PAN;N
1503000000;CM;3;PAN;;PESSOAS – ANIMAIS – NATUREZA;252;Joana Aleixo Deus;PAN;N
1503000000;CM;3;PAN;;PESSOAS – ANIMAIS – NATUREZA;253;Fátima Maria Silva Nogueira Marras;PAN;N
1503000000;CM;3;PAN;;PESSOAS – ANIMAIS – NATUREZA;254;Francisco Gomes Falcão Ferreira;PAN;N
1503000000;CM;3;PAN;;PESSOAS – ANIMAIS – NATUREZA;255;Maria Amélia de Jesus Pardal;PAN;N
1503000000;CM;3;PAN;;PESSOAS – ANIMAIS – NATUREZA;256;José Alberto Azevedo Lourenço;PAN;N
1503000000;CM;3;PAN;;PESSOAS – ANIMAIS – NATUREZA;257;Nuno Miguel Carapinha Terenas;PAN;N
1503000000;CM;3;PAN;;PESSOAS – ANIMAIS – NATUREZA;258;Ana Margarida Figueiredo Alves Luna de Carvalho;PAN;N
1503000000;CM;3;PAN;;PESSOAS – ANIMAIS – NATUREZA;259;João Eduardo Alves de Moura Geraldes;PAN;N
1503000000;CM;3;PAN;;PESSOAS – ANIMAIS – NATUREZA;260;Ana Luísa Abílio Rodrigues de Carvalho;PAN;N
1503000000;CM;3;PAN;;PESSOAS – ANIMAIS – NATUREZA;261;Vasco Ramiro Rodrigues Gonçalves;PAN;N
1503000000;CM;3;PAN;;PESSOAS – ANIMAIS – NATUREZA;262;Sónia Tchissole Pires da Silva;PAN;N
1503000000;CM;3;PAN;;PESSOAS – ANIMAIS – NATUREZA;263;Mário Bruno da Silva Ferreira Pinheiro de Magalhães;PAN;N
1503000000;CM;3;PAN;;PESSOAS – ANIMAIS – NATUREZA;264;Antonio José Olaio da Silva;PAN;N
1503000000;CM;3;PAN;;PESSOAS – ANIMAIS – NATUREZA;265;Catarina de Matos Pé-Curto;PAN;N
1503000000;CM;3;PAN;;PESSOAS – ANIMAIS – NATUREZA;266;Bruno Ramos Dias;PAN;N
1503000000;CM;3;PAN;;PESSOAS – ANIMAIS – NATUREZA;267;Ivo Rúben Correia Serra;PAN;N
1503000000;CM;3;PAN;;PESSOAS – ANIMAIS – NATUREZA;268;Andreia Sofia Fernandes Egas;PAN;N
1503000000;CM;3;PAN;;PESSOAS – ANIMAIS – NATUREZA;269;João Branco da Costa;PAN;N
1503000000;CM;3;PAN;;PESSOAS – ANIMAIS – NATUREZA;270;Ana Sofia Rodrigues Marcos;PAN;N
1503000000;CM;3;PAN;;PESSOAS – ANIMAIS – NATUREZA;271;Nuno Miguel Macedo Marques Vitorino;PAN;N
1503000000;CM;3;PAN;;PESSOAS – ANIMAIS – NATUREZA;272;Carla Sandra Silva Barroso;PAN;N
1503000000;CM;3;PAN;;PESSOAS – ANIMAIS – NATUREZA;273;Fernanda Balbina de Oliveira Duarte Leitão;PAN;N
1503000000;CM;3;PAN;;PESSOAS – ANIMAIS – NATUREZA;274;Luís Manuel Serol Barradas;PAN;N
1503000000;CM;3;PAN;;PESSOAS – ANIMAIS – NATUREZA;275;Ana Marta da Palma Tavares;PAN;N
1503000000;CM;3;PAN;;PESSOAS – ANIMAIS – NATUREZA;276;Davide José Drumond Freitas;PAN;N
1503000000;CM;3;PAN;;PESSOAS – ANIMAIS – NATUREZA;277;Félix Alexandre de Oliveira Magalhães;PAN;N
1503000000;CM;3;PAN;;PESSOAS – ANIMAIS – NATUREZA;278;Liliana Dâmaso Garrett;PAN;N
1503000000;CM;3;PAN;;PESSOAS – ANIMAIS – NATUREZA;279;Sérgio Fidalgo Carvalho;PAN;N
1503000000;CM;3;PAN;;PESSOAS – ANIMAIS – NATUREZA;280;Ana Sofia Cardoso Maria;PAN;N
1503000000;CM;3;PAN;;PESSOAS – ANIMAIS – NATUREZA;281;Joana Tavares Reis Raposo;PAN;N
1503000000;CM;3;PAN;;PESSOAS – ANIMAIS – NATUREZA;282;Carlos Fernando Martins de Brito Mateus;PAN;N
1503000000;CM;3;PAN;;PESSOAS – ANIMAIS – NATUREZA;283;Rita Maria Chagas Miguel Judas;PAN;N
1503000000;CM;3;PAN;;PESSOAS – ANIMAIS – NATUREZA;284;Elsa Maria Alves Dias;PAN;N
1503000000;CM;3;PAN;;PESSOAS – ANIMAIS – NATUREZA;285;Cláudio Nuno dos Reis Silva;PAN;N
1503000000;CM;3;PAN;;PESSOAS – ANIMAIS – NATUREZA;286;Isa Belmira Camacho Morais;PAN;N
1503000000;CM;3;PAN;;PESSOAS – ANIMAIS – NATUREZA;287;António José Rosa Ramos;PAN;N
1503000000;CM;3;PAN;;PESSOAS – ANIMAIS – NATUREZA;288;António Manuel Cardoso Pombeiro;PAN;N
1503000000;CM;3;PAN;;PESSOAS – ANIMAIS – NATUREZA;289;Ana Isabel Manso Salgueiro Mouta Salvador;PAN;N
1503000000;CM;3;PAN;;PESSOAS – ANIMAIS – NATUREZA;290;Ana Rita Amaral Maia de Almeida;PAN;N
1503000000;CM;3;PAN;;PESSOAS – ANIMAIS – NATUREZA;291;Avelino Nuno dos Santos;PAN;N
1503000000;CM;3;PAN;;PESSOAS – ANIMAIS – NATUREZA;292;Josefina Garcia Correia;PAN;N
1503000000;CM;3;PAN;;PESSOAS – ANIMAIS – NATUREZA;293;Maria Luísa Martins Paulitos;PAN;N
1503000000;CM;3;PAN;;PESSOAS – ANIMAIS – NATUREZA;294;Fernando Jorge Lopes Pereira;PAN;N
1503000000;CM;3;PAN;;PESSOAS – ANIMAIS – NATUREZA;295;Inês Apolinário Urbano;PAN;N
1503000000;CM;3;PAN;;PESSOAS – ANIMAIS – NATUREZA;296;Salomé Russo Metelo;PAN;N
1503000000;CM;3;PAN;;PESSOAS – ANIMAIS – NATUREZA;297;José António Correia da Silva;PAN;N
1503000000;CM;3;PAN;;PESSOAS – ANIMAIS – NATUREZA;298;Ana Rita Henriques Coelho;PAN;N
1503000000;CM;3;PAN;;PESSOAS – ANIMAIS – NATUREZA;299;Maria Nazaré Sapatinha Borrego Avó;PAN;N
1503000000;CM;3;PAN;;PESSOAS – ANIMAIS – NATUREZA;300;André de Jesus Pereira Rosado Janeco;PAN;N
1503000000;CM;3;PAN;;PESSOAS – ANIMAIS – NATUREZA;301;Úrsula Machado Lobato Pulquério;PAN;N
1503000000;CM;3;PAN;;PESSOAS – ANIMAIS – NATUREZA;302;Fernando Paulo Trepado Cocharra;PAN;N
1503000000;CM;3;PAN;;PESSOAS – ANIMAIS – NATUREZA;303;Augusto Máximo Flor;PAN;N
1503000000;CM;3;PAN;;PESSOAS – ANIMAIS – NATUREZA;304;Maria Isabel Raposo Ramos Rocha;PAN;N
1503000000;CM;3;PAN;;PESSOAS – ANIMAIS – NATUREZA;305;Maria Rita Pereira Peixoto de Magalhães;PAN;N
1503000000;CM;3;PAN;;PESSOAS – ANIMAIS – NATUREZA;306;Henrique da Silva Santos;PAN;N
1503000000;CM;3;PAN;;PESSOAS – ANIMAIS – NATUREZA;307;Mário José D’Araújo;PAN;N
1503000000;CM;3;PAN;;PESSOAS – ANIMAIS – NATUREZA;308;Maria Bárbara Olaio da Silva Miguel Judas;PAN;N
1503000000;CM;3;PAN;;PESSOAS – ANIMAIS – NATUREZA;309;Natália Maria Gonçalves Pinto;PAN;N
1503000000;CM;3;PAN;;PESSOAS – ANIMAIS – NATUREZA;310;Rui Miguel Gil Ferreirinho;PAN;N
1503000000;CM;3;PAN;;PESSOAS – ANIMAIS – NATUREZA;311;Cecília Maria Pina Queiroz;PAN;N
1503000000;CM;3;PAN;;PESSOAS – ANIMAIS – NATUREZA;312;Francisco Miguel Pinto Martins;PAN;N
1503000000;CM;3;PAN;;PESSOAS – ANIMAIS – NATUREZA;313;Rita de Matos Sousa Vital Fonseca Raimundo Rendeiro;PAN;N
1503000000;CM;3;PAN;;PESSOAS – ANIMAIS – NATUREZA;314;Maria João Moreira dos Santos;PAN;N
1503000000;CM;3;PAN;;PESSOAS – ANIMAIS – NATUREZA;315;Salustiano Lemos Gomes;PAN;N
1503000000;CM;3;PAN;;PESSOAS – ANIMAIS – NATUREZA;316;Patrícia Paula dos Santos Marques Martins;PAN;N
1503000000;CM;3;PAN;;PESSOAS – ANIMAIS – NATUREZA;317;Vítor Manuel Florêncio Lourenço;PAN;N
1503000000;CM;3;PAN;;PESSOAS – ANIMAIS – NATUREZA;318;Fernando Jorge Martins Figueira;PAN;N
1503000000;CM;3;PAN;;PESSOAS – ANIMAIS – NATUREZA;319;Maria Teresa Morato Silva Rodrigues Cardinho;PAN;N
1503000000;CM;3;PAN;;PESSOAS – ANIMAIS – NATUREZA;320;Joaquim Estevão Miguel Judas;PAN;N
1503000000;CM;3;PAN;;PESSOAS – ANIMAIS – NATUREZA;321;Carla Marina Prazeres Marques;PAN;N
1503000000;CM;3;PAN;;PESSOAS – ANIMAIS – NATUREZA;322;Marina Moleiro Junqueira;PAN;N
1503000000;CM;3;PAN;;PESSOAS – ANIMAIS – NATUREZA;323;Eduardo Manuel de Freitas Sant’Ana Araújo;PAN;N
1503000000;CM;3;PAN;;PESSOAS – ANIMAIS – NATUREZA;324;André Filipe Ventura Ângelo;PAN;N
1503000000;CM;3;PAN;;PESSOAS – ANIMAIS – NATUREZA;325;Cristina Manuela Alves Monteiro Nunes Francisco;PAN;N
1503000000;CM;3;PAN;;PESSOAS – ANIMAIS – NATUREZA;326;Cristina Ascensão Oliveira Porfírio;PAN;N
1503000000;CM;3;PAN;;PESSOAS – ANIMAIS – NATUREZA;327;Telmo Luís Malanho Rodrigues;PAN;N
1503000000;CM;3;PAN;;PESSOAS – ANIMAIS – NATUREZA;328;Rui Fernando Rodrigues da Silva Vargas;PAN;N
1503000000;CM;3;PAN;;PESSOAS – ANIMAIS – NATUREZA;329;Maria Osvalda Arez Gonçalves;PAN;N
1503000000;CM;3;PAN;;PESSOAS – ANIMAIS – NATUREZA;330;Catarina De Jesus De Oliveira;PAN;N
1503000000;CM;3;PAN;;PESSOAS – ANIMAIS – NATUREZA;331;Licínio Manuel Sousa Jesus;PAN;N
1503000000;CM;3;PAN;;PESSOAS – ANIMAIS – NATUREZA;332;Pedro Filipe Rodrigues Pedras Matos de Sousa;PAN;N
1503000000;CM;3;PAN;;PESSOAS – ANIMAIS – NATUREZA;333;Teresa Maria Fontan Forte da Silva Vargas;PAN;N
1503000000;CM;3;PAN;;PESSOAS – ANIMAIS – NATUREZA;334;Marisa Furtado Rendeiro Correia;PAN;N
1503000000;CM;3;PAN;;PESSOAS – ANIMAIS – NATUREZA;335;André Alves Ferreira;PAN;N
1503000000;CM;3;PAN;;PESSOAS – ANIMAIS – NATUREZA;336;Emanuel Neto dos Santos Silva;PAN;N
1503000000;CM;3;PAN;;PESSOAS – ANIMAIS – NATUREZA;337;Cidália Robalo Alves Correia Jesus;PAN;N
1503000000;CM;3;PAN;;PESSOAS – ANIMAIS – NATUREZA;338;Catarina Andreia Ferreira Sigorro;PAN;N
1503000000;CM;3;PAN;;PESSOAS – ANIMAIS – NATUREZA;339;Nuno Ricardo Aly de Castro Fernandes;PAN;N
1503000000;CM;3;PAN;;PESSOAS – ANIMAIS – NATUREZA;340;Fernando Olímpio Santos Figueiredo;PAN;N
1503000000;CM;3;PAN;;PESSOAS – ANIMAIS – NATUREZA;341;Ana Catarina Prazeres Marques Pinto Ramos;PAN;N
1503000000;CM;3;PAN;;PESSOAS – ANIMAIS – NATUREZA;342;Luzia Maria Martins;PAN;N
1503000000;CM;3;PAN;;PESSOAS – ANIMAIS – NATUREZA;343;Sérgio Luis Fonseca Oliveira;PAN;N
1503000000;CM;3;PAN;;PESSOAS – ANIMAIS – NATUREZA;344;Carlos Alberto Gomes Marques;PAN;N
1503000000;CM;3;PAN;;PESSOAS – ANIMAIS – NATUREZA;345;Rute Sofia da Cruz Dias Figueiredo;PAN;N
1503000000;CM;3;PAN;;PESSOAS – ANIMAIS – NATUREZA;346;Maria Catarina Santiago Prazeres Gomes Marques;PAN;N
1503000000;CM;3;PAN;;PESSOAS – ANIMAIS – NATUREZA;347;João Tomás Salavessa Matias de Almeida;PAN;N
1503000000;CM;3;PAN;;PESSOAS – ANIMAIS – NATUREZA;348;Silvia Marina Vieira Costa;PAN;N
1503000000;CM;3;PAN;;PESSOAS – ANIMAIS – NATUREZA;349;Beatriz Martins Santa Bárbara Gonçalves;PAN;N
1503000000;CM;3;PAN;;PESSOAS – ANIMAIS – NATUREZA;350;Sérgio Miguel Tavares Alves;PAN;N
1503000000;CM;3;PAN;;PESSOAS – ANIMAIS – NATUREZA;351;Luis Miguel Guerreiro Gonçalves dos Santos;PAN;N
1503000000;CM;3;PAN;;PESSOAS – ANIMAIS – NATUREZA;352;Alexandra Branco Ralo Barata Correia;PAN;N
1503000000;CM;3;PAN;;PESSOAS – ANIMAIS – NATUREZA;353;Sílvia Cristina Romão;PAN;N
1503000000;CM;3;PAN;;PESSOAS – ANIMAIS – NATUREZA;354;Eduardo Filipe Almeida Fernandes;PAN;N
1503000000;CM;3;PAN;;PESSOAS – ANIMAIS – NATUREZA;355;Gonçalo Miguel Pereira de Jesus Silva;PAN;N
1503000000;CM;3;PAN;;PESSOAS – ANIMAIS – NATUREZA;356;Marlene Sofia Prazeres Marques;PAN;N
1503000000;CM;3;PAN;;PESSOAS – ANIMAIS – NATUREZA;357;Diana Maria Marques Lopes;PAN;N
1503000000;CM;3;PAN;;PESSOAS – ANIMAIS – NATUREZA;358;João Pedro Gomes Antão;PAN;N
1503000000;CM;3;PAN;;PESSOAS – ANIMAIS – NATUREZA;359;Maria Lúcia Marques Veloso;PAN;N
1503000000;CM;3;PAN;;PESSOAS – ANIMAIS – NATUREZA;360;Pedro de Araújo Farinha;PAN;N
1503000000;CM;3;PAN;;PESSOAS – ANIMAIS – NATUREZA;361;Marco André Ribeiro Saavedra;PAN;N
1503000000;CM;3;PAN;;PESSOAS – ANIMAIS – NATUREZA;362;Vanda Cordeiro Pereira;PAN;N
1503000000;CM;3;PAN;;PESSOAS – ANIMAIS – NATUREZA;363;Sandra Isabel Carona Onofre;PAN;N
1503000000;CM;3;PAN;;PESSOAS – ANIMAIS – NATUREZA;364;José Francisco Nunes Mancha;PAN;N
1503000000;CM;3;PAN;;PESSOAS – ANIMAIS – NATUREZA;365;Inês de Saint-Maurice Esteves de Medeiros Victorino de Almeida;PAN;N
1503000000;CM;3;PAN;;PESSOAS – ANIMAIS – NATUREZA;366;Ivan Costa Gonçalves;PAN;N
1503000000;CM;3;PAN;;PESSOAS – ANIMAIS – NATUREZA;367;Filipe Alexandre Pardal Pacheco;PAN;N
1503000000;CM;3;PAN;;PESSOAS – ANIMAIS – NATUREZA;368;Francisca Luis Baptista Parreira;PAN;N
1503000000;CM;3;PAN;;PESSOAS – ANIMAIS – NATUREZA;369;Hélio Jorge Ferreira dos Anjos;PAN;N
1503000000;CM;3;PAN;;PESSOAS – ANIMAIS – NATUREZA;370;Joaquim António da Silva Gomes Barbosa;PAN;N
1503000000;CM;3;PAN;;PESSOAS – ANIMAIS – NATUREZA;371;Ana Margarida Machado da Silva Lourenço;PAN;N
1503000000;CM;3;PAN;;PESSOAS – ANIMAIS – NATUREZA;372;Gabriel Machado da Rosa;PAN;N
1503000000;CM;3;PAN;;PESSOAS – ANIMAIS – NATUREZA;373;Vanessa Oliveira Lima;PAN;N
1503000000;CM;3;PAN;;PESSOAS – ANIMAIS – NATUREZA;374;António Francisco Espada Rita;PAN;N
1503000000;CM;3;PAN;;PESSOAS – ANIMAIS – NATUREZA;375;Maria Teresa Torres Antunes Lino Craveiro;PAN;N
1503000000;CM;3;PAN;;PESSOAS – ANIMAIS – NATUREZA;376;João Augusto Veredas Campos;PAN;N
1503000000;CM;3;PAN;;PESSOAS – ANIMAIS – NATUREZA;377;Cláudia Sofia Gomes de Matos Paredes;PAN;N
1503000000;CM;3;PAN;;PESSOAS – ANIMAIS – NATUREZA;378;João Carlos dos Santos Vieira;PAN;N
1503000000;CM;3;PAN;;PESSOAS – ANIMAIS – NATUREZA;379;Susana Maria Dias Pereira;PAN;N
1503000000;CM;3;PAN;;PESSOAS – ANIMAIS – NATUREZA;380;Luís Filipe da Silva Mendes;PAN;N
1503000000;CM;3;PAN;;PESSOAS – ANIMAIS – NATUREZA;381;Maria Madalena Duarte Lopes Matos Barbosa Gamaliel Alves;PAN;N
1503000000;CM;3;PAN;;PESSOAS – ANIMAIS – NATUREZA;382;Tomás Sena Martins Urbano;PAN;N
1503000000;CM;3;PAN;;PESSOAS – ANIMAIS – NATUREZA;383;Maria José dos Santos Alves da Silva;PAN;N
1503000000;CM;3;PAN;;PESSOAS – ANIMAIS – NATUREZA;384;José Augusto Barata;PAN;N
1503000000;CM;3;PAN;;PESSOAS – ANIMAIS – NATUREZA;385;Zélia de Jesus Pacheco da Silva;PAN;N
1503000000;CM;3;PAN;;PESSOAS – ANIMAIS – NATUREZA;386;José Carlos Rebelo Simões;PAN;N
1503000000;CM;3;PAN;;PESSOAS – ANIMAIS – NATUREZA;387;Carlos Magno Valença Ferreira Walter de Magalhães;PAN;N
1503000000;CM;3;PAN;;PESSOAS – ANIMAIS – NATUREZA;388;Nuno Alexandre Oliveira Mendes;PAN;N
1503000000;CM;3;PAN;;PESSOAS – ANIMAIS – NATUREZA;389;Sara Sofia Martins Pinheiro;PAN;N
1503000000;CM;3;PAN;;PESSOAS – ANIMAIS – NATUREZA;390;João Pedro Guterres Peixoto Costa Pereira;PAN;N
1503000000;CM;3;PAN;;PESSOAS – ANIMAIS – NATUREZA;391;Tiago Daniel Graça Caetano;PAN;N
1503000000;CM;3;PAN;;PESSOAS – ANIMAIS – NATUREZA;392;Neide Filipa Marinho Passarinho;PAN;N
1503000000;CM;3;PAN;;PESSOAS – ANIMAIS – NATUREZA;393;Felicidade João Macuamule;PAN;N
1503000000;CM;3;PAN;;PESSOAS – ANIMAIS – NATUREZA;394;António Manuel Figueira Martins;PAN;N
1503000000;CM;3;PAN;;PESSOAS – ANIMAIS – NATUREZA;395;Rui Paulo Azevedo dos Santos;PAN;N
1503000000;CM;3;PAN;;PESSOAS – ANIMAIS – NATUREZA;396;Lucília Maria dos Santos;PAN;N
1503000000;CM;3;PAN;;PESSOAS – ANIMAIS – NATUREZA;397;Sónia Raquel Pinto Peliano;PAN;N
1503000000;CM;3;PAN;;PESSOAS – ANIMAIS – NATUREZA;398;Andreia Alexandra Flores de Miranda;PAN;N
1503000000;CM;3;PAN;;PESSOAS – ANIMAIS – NATUREZA;399;Hugo Miguel Nunes Monteiro;PAN;N
1503000000;CM;3;PAN;;PESSOAS – ANIMAIS – NATUREZA;400;Sara Raquel da Paixão Viegas da Silva;PAN;N
1503000000;CM;3;PAN;;PESSOAS – ANIMAIS – NATUREZA;401;Cláudia Sofia Barreto Gonçalves;PAN;N
1503000000;CM;3;PAN;;PESSOAS – ANIMAIS – NATUREZA;402;Hélder António Guerra de Sousa Silva;PAN;N
1503000000;CM;3;PAN;;PESSOAS – ANIMAIS – NATUREZA;403;Paulo Alexandre Ribeiro Sabino;PAN;N
1503000000;CM;3;PAN;;PESSOAS – ANIMAIS – NATUREZA;404;Beatriz Leal da Silva Brandão Ferreira;PAN;N
1503000000;CM;3;PAN;;PESSOAS – ANIMAIS – NATUREZA;405;Carlos Alberto Tavares Salomão;PAN;N
1503000000;CM;3;PAN;;PESSOAS – ANIMAIS – NATUREZA;406;Sónia Raquel Mota Faria;PAN;N
1503000000;CM;3;PAN;;PESSOAS – ANIMAIS – NATUREZA;407;Luisa Maria Gama Varela;PAN;N
1503000000;CM;3;PAN;;PESSOAS – ANIMAIS – NATUREZA;408;Rui Daniel Tavares Pinto Gonçalves;PAN;N
1503000000;CM;3;PAN;;PESSOAS – ANIMAIS – NATUREZA;409;Alexandre José Pires de Oliveira Cruz;PAN;N
1503000000;CM;3;PAN;;PESSOAS – ANIMAIS – NATUREZA;410;Vitória Joana Bravo G. F. Taborda Farinha;PAN;N
1503000000;CM;3;PAN;;PESSOAS – ANIMAIS – NATUREZA;411;António Carlos Ferreira Gonçalves Amaro;PAN;N
1503000000;CM;3;PAN;;PESSOAS – ANIMAIS – NATUREZA;412;Rui José das Neves Patrão Batista Rosa;PAN;N
1503000000;CM;3;PAN;;PESSOAS – ANIMAIS – NATUREZA;413;Maria Inês Mendes Alves Pereira de Abreu;PAN;N
1503000000;CM;3;PAN;;PESSOAS – ANIMAIS – NATUREZA;414;Rui Filipe Botas Ribeiro Rua;PAN;N
1503000000;CM;3;PAN;;PESSOAS – ANIMAIS – NATUREZA;415;Luis Manuel Gomes Almeida Tavares;PAN;N
1503000000;CM;3;PAN;;PESSOAS – ANIMAIS – NATUREZA;416;Inês Isabel Baptista da Rocha Roldão;PAN;N
1503000000;CM;3;PAN;;PESSOAS – ANIMAIS – NATUREZA;417;Beatriz Sousa Gomes;PAN;N
1503000000;CM;3;PAN;;PESSOAS – ANIMAIS – NATUREZA;418;David Henriques Micaelo de Sequeira Cristóvão;PAN;N
1503000000;CM;3;PAN;;PESSOAS – ANIMAIS – NATUREZA;419;Ana Clara de Sousa Birrento Matos Silva;PAN;N
1503000000;CM;3;PAN;;PESSOAS – ANIMAIS – NATUREZA;420;Fábio André Lourenço Lopes;PAN;N
1503000000;CM;3;PAN;;PESSOAS – ANIMAIS – NATUREZA;421;Irina Cristiana Ludovico da Costa Tricamegy;PAN;N
1503000000;CM;3;PAN;;PESSOAS – ANIMAIS – NATUREZA;422;Maria Ana de Magalhães e Esteves Silva;PAN;N
1503000000;CM;3;PAN;;PESSOAS – ANIMAIS – NATUREZA;423;Gustavo Manuel Marques Pinto;PAN;N
1503000000;CM;3;PAN;;PESSOAS – ANIMAIS – NATUREZA;424;Raquel Alexandra Valadares Barrulas;PAN;N
1503000000;CM;3;PAN;;PESSOAS – ANIMAIS – NATUREZA;425;Maria Quitéria Chefe Marques;PAN;N
1503000000;CM;3;PAN;;PESSOAS – ANIMAIS – NATUREZA;426;Henrique Marques Elvas Martins;PAN;N
1503000000;CM;3;PAN;;PESSOAS – ANIMAIS – NATUREZA;427;Paula Alexandra Monteiro dos Santos Pires;PAN;N
1503000000;CM;3;PAN;;PESSOAS – ANIMAIS – NATUREZA;428;João Maria Castro de Oliveira Rocha Pinto;PAN;N
1503000000;CM;3;PAN;;PESSOAS – ANIMAIS – NATUREZA;429;Mariana da Cruz França;PAN;N
1503000000;CM;3;PAN;;PESSOAS – ANIMAIS – NATUREZA;430;Tiago Fernandes de Moura;PAN;N
1503000000;CM;3;PAN;;PESSOAS – ANIMAIS – NATUREZA;431;José Manuel Santos de Moura;PAN;N
1503000000;CM;3;PAN;;PESSOAS – ANIMAIS – NATUREZA;432;Maria Teresa Seixas Dantas;PAN;N
1503000000;CM;3;PAN;;PESSOAS – ANIMAIS – NATUREZA;433;Ricardo Jorge Borges Mariano de Carvalho;PAN;N
1503000000;CM;3;PAN;;PESSOAS – ANIMAIS – NATUREZA;434;Carlos Filipe Pereira Alves;PAN;N
1503000000;CM;3;PAN;;PESSOAS – ANIMAIS – NATUREZA;435;Marta Cristina Belmonte Pereira;PAN;N
1503000000;CM;3;PAN;;PESSOAS – ANIMAIS – NATUREZA;436;Rodrigo Gonçalves da Silva;PAN;N
1503000000;CM;3;PAN;;PESSOAS – ANIMAIS – NATUREZA;437;Priscila Rodrigues Gomes Mendes;PAN;N
1503000000;CM;3;PAN;;PESSOAS – ANIMAIS – NATUREZA;438;Ricardo Jorge Afonso Helena;PAN;N
1503000000;CM;3;PAN;;PESSOAS – ANIMAIS – NATUREZA;439;Maria de Lurdes Pinto Silva;PAN;N
1503000000;CM;3;PAN;;PESSOAS – ANIMAIS – NATUREZA;440;Guilherme Filipe Palma Lopes;PAN;N
1503000000;CM;3;PAN;;PESSOAS – ANIMAIS – NATUREZA;441;Vítor Machado Rodrigues Manuel;PAN;N
1503000000;CM;3;PAN;;PESSOAS – ANIMAIS – NATUREZA;442;Ana Luísa Rodrigues Horta Barnabé;PAN;N
1503000000;CM;3;PAN;;PESSOAS – ANIMAIS – NATUREZA;443;Hélder Manuel da Encarnação Barbóz;PAN;N
1503000000;CM;3;PAN;;PESSOAS – ANIMAIS – NATUREZA;444;Francisco José Luís Simões;PAN;N
1503000000;CM;3;PAN;;PESSOAS – ANIMAIS – NATUREZA;445;Graça Alexandra Gonçalves Roque;PAN;N
1503000000;CM;3;PAN;;PESSOAS – ANIMAIS – NATUREZA;446;Nuno Miguel da Silva Nóbrega Batista;PAN;N
1503000000;CM;3;PAN;;PESSOAS – ANIMAIS – NATUREZA;447;Luci Marina Pereira Simões Sanches;PAN;N
1503000000;CM;3;PAN;;PESSOAS – ANIMAIS – NATUREZA;448;Vânia Carina Carrusca Guerreiro do Nascimento Ferreira;PAN;N
1503000000;CM;3;PAN;;PESSOAS – ANIMAIS – NATUREZA;449;Sérgio Rúben Lourosa Alves;PAN;N
1503000000;CM;3;PAN;;PESSOAS – ANIMAIS – NATUREZA;450;Sandra Mestre da Cunha;PAN;N
1503000000;CM;3;PAN;;PESSOAS – ANIMAIS – NATUREZA;451;Sílvia Cristina dos Santos Pais;PAN;N
1503000000;CM;3;PAN;;PESSOAS – ANIMAIS – NATUREZA;452;Diogo Miguel da Silva Mira;PAN;N
1503000000;CM;3;PAN;;PESSOAS – ANIMAIS – NATUREZA;453;Matias Aleixo Tomé dos Santos Feijoo;PAN;N
1503000000;CM;3;PAN;;PESSOAS – ANIMAIS – NATUREZA;454;Paula Cristina Salvação Brum da Silveira;PAN;N
1503000000;CM;3;PAN;;PESSOAS – ANIMAIS – NATUREZA;455;Luís Filipe Lopes Pereira de Freitas Rodrigues Alves;PAN;N
1503000000;CM;3;PAN;;PESSOAS – ANIMAIS – NATUREZA;456;Marie Basse;PAN;N
1503000000;CM;3;PAN;;PESSOAS – ANIMAIS – NATUREZA;457;Tânia Alexandra Martins Liberato;PAN;N
1503000000;CM;3;PAN;;PESSOAS – ANIMAIS – NATUREZA;458;João Pedro Barbosa de Carvalho;PAN;N
1503000000;CM;3;PAN;;PESSOAS – ANIMAIS – NATUREZA;459;Marisa Alexandra Serrano Santos Rosa;PAN;N
1503000000;CM;3;PAN;;PESSOAS – ANIMAIS – NATUREZA;460;Filipa Lourenço Cruz;PAN;N
1503000000;CM;3;PAN;;PESSOAS – ANIMAIS – NATUREZA;461;Martim de Freitas Gordinho;PAN;N
1503000000;CM;3;PAN;;PESSOAS – ANIMAIS – NATUREZA;462;Ana Augusto Madeira;PAN;N
1503000000;CM;3;PAN;;PESSOAS – ANIMAIS – NATUREZA;463;Carla Alexandra da Silva Teixeira Alves;PAN;N
1503000000;CM;3;PAN;;PESSOAS – ANIMAIS – NATUREZA;464;Luís Filipe Almeida Palma;PAN;N
1503000000;CM;3;PAN;;PESSOAS – ANIMAIS – NATUREZA;465;António José de Sousa Matos;PAN;N
1503000000;CM;3;PAN;;PESSOAS – ANIMAIS – NATUREZA;466;Helena Manuela Gil Azinheira;PAN;N
1503000000;CM;3;PAN;;PESSOAS – ANIMAIS – NATUREZA;467;Aurora Conceição Marques Almeida;PAN;N
1503000000;CM;3;PAN;;PESSOAS – ANIMAIS – NATUREZA;468;Tiago David Costa Galveia;PAN;N
1503000000;CM;3;PAN;;PESSOAS – ANIMAIS – NATUREZA;469;Paula Cristina Loureiro Coelho;PAN;N
1503000000;CM;3;PAN;;PESSOAS – ANIMAIS – NATUREZA;470;Vanessa Alexandra Granja Gonçalves Pinheiro Borges;PAN;N
1503000000;CM;3;PAN;;PESSOAS – ANIMAIS – NATUREZA;471;Nelson José Branco Vieira;PAN;N
1503000000;CM;3;PAN;;PESSOAS – ANIMAIS – NATUREZA;472;Filipa do Couto Pereira Catarro;PAN;N
1503000000;CM;3;PAN;;PESSOAS – ANIMAIS – NATUREZA;473;Alain Magalhães Pereira;PAN;N
1503000000;CM;3;PAN;;PESSOAS – ANIMAIS – NATUREZA;474;Ana Catarina dos Reis Pires;PAN;N
1503000000;CM;3;PAN;;PESSOAS – ANIMAIS – NATUREZA;475;Irina Margarida Canobbio Afonso Gonçalves de Carvalho;PAN;N
1503000000;CM;3;PAN;;PESSOAS – ANIMAIS – NATUREZA;476;José Carlos dos Santos Ligeiro;PAN;N
1503000000;CM;3;PAN;;PESSOAS – ANIMAIS – NATUREZA;477;Pedro Miguel de Sousa Gomes;PAN;N
1503000000;CM;3;PAN;;PESSOAS – ANIMAIS – NATUREZA;478;Maria Madalena Cruz Rosa da Mota;PAN;N
1503000000;CM;3;PAN;;PESSOAS – ANIMAIS – NATUREZA;479;Nuno Ricardo Almeida Semedo;PAN;N
1503000000;CM;3;PAN;;PESSOAS – ANIMAIS – NATUREZA;480;José Manuel Vasques Godinho;PAN;N
1503000000;CM;3;PAN;;PESSOAS – ANIMAIS – NATUREZA;481;Maria Beatriz da Silva Gomes Carvalho;PAN;N
1503000000;CM;3;PAN;;PESSOAS – ANIMAIS – NATUREZA;482;Bruno Miguel Ganhão Pires;PAN;N
1503000000;CM;3;PAN;;PESSOAS – ANIMAIS – NATUREZA;483;Maria Leonor Dimas Silva Riesenberger;PAN;N
1503000000;CM;3;PAN;;PESSOAS – ANIMAIS – NATUREZA;484;Jorge do Carmo Ventinhas Pé-Curto;PAN;N
1503000000;CM;3;PAN;;PESSOAS – ANIMAIS – NATUREZA;485;Maria Luisa Monteiro Ramos;PAN;N
1503000000;CM;3;PAN;;PESSOAS – ANIMAIS – NATUREZA;486;Carla Marina Prazeres Marques;PAN;N
1503000000;CM;3;PAN;;PESSOAS – ANIMAIS – NATUREZA;487;Nuno Miguel Chanoca dos Santos Figueiredo;PAN;N
1503000000;CM;3;PAN;;PESSOAS – ANIMAIS – NATUREZA;488;Marina Moleiro Junqueira;PAN;N
1503000000;CM;3;PAN;;PESSOAS – ANIMAIS – NATUREZA;489;Cristina Manuela Alves Monteiro Nunes Francisco;PAN;N
1503000000;CM;3;PAN;;PESSOAS – ANIMAIS – NATUREZA;490;André Filipe Ventura Ângelo;PAN;N
1503000000;CM;3;PAN;;PESSOAS – ANIMAIS – NATUREZA;491;Pedro Filipe Rodrigues Pedras Matos de Sousa;PAN;N
1503000000;CM;3;PAN;;PESSOAS – ANIMAIS – NATUREZA;492;Ana Catarina Prazeres Marques Pinto Ramos;PAN;N
1503000000;CM;3;PAN;;PESSOAS – ANIMAIS – NATUREZA;493;Cristina Ascensão Oliveira Porfírio;PAN;N
1503000000;CM;3;PAN;;PESSOAS – ANIMAIS – NATUREZA;494;Rui Fernando Rodrigues da Silva Vargas;PAN;N
1503000000;CM;3;PAN;;PESSOAS – ANIMAIS – NATUREZA;495;Marisa Furtado Rendeiro Correia;PAN;N
1503000000;CM;3;PAN;;PESSOAS – ANIMAIS – NATUREZA;496;Teresa Maria Fontan Forte da Silva Vargas;PAN;N
1503000000;CM;3;PAN;;PESSOAS – ANIMAIS – NATUREZA;497;Eduardo Filipe Almeida Fernandes;PAN;N
1503000000;CM;3;PAN;;PESSOAS – ANIMAIS – NATUREZA;498;Gonçalo Miguel Pereira de Jesus Silva;PAN;N
1503000000;CM;3;PAN;;PESSOAS – ANIMAIS – NATUREZA;499;Diana Maria Marques Lopes;PAN;N
1503000000;CM;3;PAN;;PESSOAS – ANIMAIS – NATUREZA;500;João Pedro Gomes Antão;PAN;N
